"Status","Start Time","Stop Time","Duration in ms","Parent Suite","Suite","Sub Suite","Test Class","Test Method","Name","Description"
"failed","Sat Oct 03 21:39:07 UTC 2026","Sat Oct 03 21:39:08 UTC 2026","487","Phoenix API Test Suite","Inwarranty Flow Test","com.api.tests.CreateJobAPITest","com.api.tests.CreateJobAPITest","createJobAPITest","Verifying if create job API is able to create Inwarranty job",""
"failed","Sat Oct 03 21:39:08 UTC 2026","Sat Oct 03 21:39:09 UTC 2026","464","Phoenix API Test Suite","Inwarranty Flow Test","com.api.tests.CreateJobAPIWithDBValidationWithResponseModelTest","com.api.tests.CreateJobAPIWithDBValidationWithResponseModelTest","createJobAPITest","Verifying if create job API is able to create Inwarranty job",""
"passed","Sat Oct 03 21:39:04 UTC 2026","Sat Oct 03 21:39:05 UTC 2026","548","Phoenix API Test Suite","Inwarranty Flow Test","com.api.tests.CountAPITest","com.api.tests.CountAPITest","verifyCountAPIResponse","Verifying if count API is giving reponse","Verifying if count API is giving response"
"failed","Sat Oct 03 21:39:08 UTC 2026","Sat Oct 03 21:39:08 UTC 2026","453","Phoenix API Test Suite","Inwarranty Flow Test","com.api.tests.CreateJobAPIWithDBValidationTest","com.api.tests.CreateJobAPIWithDBValidationTest","createJobAPITest","Verifying if create job API is able to create Inwarranty job",""
"passed","Sat Oct 03 21:39:06 UTC 2026","Sat Oct 03 21:39:07 UTC 2026","469","Phoenix API Test Suite","Inwarranty Flow Test","com.api.tests.MasterAPITest","com.api.tests.MasterAPITest","InvalidTokenMasterAPITest","Verifying if master API is giving correct status code for invalid token",""
"failed","Sat Oct 03 21:39:05 UTC 2026","Sat Oct 03 21:39:06 UTC 2026","1569","Phoenix API Test Suite","Inwarranty Flow Test","com.api.tests.DetailsAPITest","com.api.tests.DetailsAPITest","detailAPITest","Verify if Details API is working properly","Verify if Details API is working properly"
"passed","Sat Oct 03 21:39:03 UTC 2026","Sat Oct 03 21:39:04 UTC 2026","1000","Phoenix API Test Suite","Inwarranty Flow Test","com.api.tests.UserDetailsAPITest","com.api.tests.UserDetailsAPITest","userDetailsAPITest","Verify if the UserDetails API response is shown correctly","Verify if the UserDetails API response is shown correctly"
"passed","Sat Oct 03 21:39:00 UTC 2026","Sat Oct 03 21:39:03 UTC 2026","2468","Phoenix API Test Suite","Inwarranty Flow Test","com.api.tests.LoginAPITest","com.api.tests.LoginAPITest","loginAPITest","Verifying if login API is working for FD user","Verify if FD user is able to login via api"
"passed","Sat Oct 03 21:39:07 UTC 2026","Sat Oct 03 21:39:07 UTC 2026","566","Phoenix API Test Suite","Inwarranty Flow Test","com.api.tests.MasterAPITest","com.api.tests.MasterAPITest","masterAPITest","Verifying if master API is giving response","Verifying if master API is giving response"
"passed","Sat Oct 03 21:39:04 UTC 2026","Sat Oct 03 21:39:04 UTC 2026","515","Phoenix API Test Suite","Inwarranty Flow Test","com.api.tests.CountAPITest","com.api.tests.CountAPITest","countAPITest_MissingAuthToken","Verifying if count API is giving correct status code for Invalid token",""
